meal_name,num_ingredients,calories,prep_time,protein,fat,carbs,vegan,vegetarian,keto,paleo,gluten_free,mediterranean,is_healthy
Gluten-Free Pasta,0.2727272727272727,0.4909090909090909,0.84,0.7836791164816183,0.5979073292293274,0.4445718604904733,0,0,0,0,1,0,1
Grilled Salmon,0.9090909090909091,0.15818181818181817,0.7,0.14358802949018415,0.6520815495218811,0.05060912416478373,0,0,1,1,1,1,0
Lentil Soup,0.45454545454545453,0.7,0.4,0.6206374920193753,0.6127475610288435,0.0006883689503828042,0,1,0,0,0,0,0
Chickpea Stew,0.9090909090909091,0.10545454545454545,0.82,0.04689336337406631,0.9757605996296853,0.22902565323392177,1,1,0,0,0,0,0
Turkey Lettuce Wraps,0.18181818181818182,0.44181818181818183,0.04,0.8643402019700046,0.6815746035272576,0.4492927819101209,0,0,1,1,1,1,0
Cauliflower Rice Bowl,0.2727272727272727,0.5727272727272728,0.26,0.8125327277358156,0.3049359717360003,0.09235085357044508,1,1,0,1,1,0,1
Almond Flour Pancakes,1.0,0.6654545454545454,0.12,0.6131142429244506,0.8348464853860428,0.16892614527426433,0,1,1,1,1,0,0
Chickpea Stew,0.2727272727272727,0.7036363636363636,0.02,0.42732522740596474,0.20802073700129778,0.5678606966659067,1,1,0,0,0,0,1
Cauliflower Rice Bowl,0.8181818181818182,0.2927272727272727,0.18,0.8994061154953945,0.5989597903725732,0.9261651007275953,1,1,0,1,1,0,0
Vegan Curry,0.5454545454545454,0.45636363636363636,0.78,0.8488546083516119,0.7487557103648721,0.5395258601107095,1,1,0,0,0,0,0
Tofu Stir Fry,0.7272727272727273,0.28363636363636363,0.28,0.1661030631325829,0.015231836970205706,0.42187898719970807,1,1,0,0,0,0,0
Quinoa Salad,1.0,0.8563636363636363,0.2,0.19985077011392563,0.7126870686240638,0.792930491158903,1,1,0,0,0,1,0
Mediterranean Wrap,0.8181818181818182,0.41818181818181815,0.8,0.9196417193314164,0.8517325129256483,0.448231975206608,0,0,0,0,0,1,0
Quinoa Salad,0.5454545454545454,0.7381818181818182,0.46,0.6693268402944578,0.5923409948895683,0.27146534627410485,1,1,0,0,0,1,0
Keto Omelette,0.0,0.8381818181818181,0.04,0.7646761773951315,0.5622449035627055,0.7734981161322768,0,0,1,0,1,0,0
Gluten-Free Pasta,0.9090909090909091,0.7127272727272728,0.28,0.42972260704851906,0.025039160319839035,0.10268934766961217,0,0,0,0,1,0,0
Gluten-Free Pasta,0.0,0.17272727272727273,0.06,0.9122105906290744,0.24947529913584351,0.40870860267083886,0,0,0,0,1,0,0
Grilled Salmon,0.2727272727272727,0.9527272727272728,0.62,0.601925948678716,0.6960884083390182,0.884275809212313,0,0,1,1,1,1,0
Vegetarian Pizza,0.7272727272727273,0.04909090909090909,0.86,0.1875154678460743,0.8943598716403433,0.5391718890952869,0,1,0,0,0,0,0
Gluten-Free Pasta,0.0,0.6981818181818182,0.52,0.42928715485002217,0.8196281618068026,0.8643083708474789,0,0,0,0,1,0,0
Gluten-Free Pasta,0.45454545454545453,0.8272727272727273,0.52,0.4195406249150426,0.22222251218402342,0.11480293218465921,0,0,0,0,1,0,0
Lentil Soup,0.6363636363636364,0.6781818181818182,0.62,0.5214403204093901,0.7043431426061666,0.3614100288488382,0,1,0,0,0,0,0
Chickpea Stew,0.8181818181818182,0.48545454545454547,0.76,0.4997876936196097,0.30119111777322366,0.2817020554069785,1,1,0,0,0,0,1
Chickpea Stew,0.9090909090909091,0.20363636363636364,0.02,0.5052460694809017,0.05116432426437971,0.27543578837481464,1,1,0,0,0,0,0
Quinoa Salad,0.0,0.730909090909091,0.02,0.5336465804409141,0.44846543532487476,0.5528807708505465,1,1,0,0,0,1,0
Vegan Buddha Bowl,0.5454545454545454,0.36727272727272725,0.32,0.7319404001337115,0.3682642049780106,0.6332196508395695,1,1,0,0,1,0,1
Paleo Chicken Bowl,0.45454545454545453,0.9272727272727272,0.94,0.8024289367531422,0.15065270057474295,0.5076652182113695,0,0,1,1,1,0,0
Eggplant Parmesan,0.18181818181818182,0.730909090909091,0.5,0.5147083985007513,0.22662151255546908,0.6462366695276998,0,1,0,0,0,1,0
Almond Flour Pancakes,0.7272727272727273,1.0,0.34,0.8419958598169651,0.6769455692551672,0.7373301143594055,0,1,1,1,1,0,0
Cauliflower Rice Bowl,0.5454545454545454,0.7527272727272727,0.58,0.699342075141106,0.2286809255442748,0.1705349651752047,1,1,0,1,1,0,0
Eggplant Parmesan,0.7272727272727273,0.0018181818181818182,0.0,0.09356869006389795,0.8990283427613591,0.904458693606296,0,1,0,0,0,1,0
Keto Avocado Salad,0.7272727272727273,0.1781818181818182,0.36,0.7296681331684393,0.8989225794352305,0.8909715826599102,0,0,1,1,1,0,0
Quinoa Salad,0.6363636363636364,0.7618181818181818,0.74,0.6724084664319857,0.581703141745634,0.37016410918221015,1,1,0,0,0,1,0
Keto Omelette,0.7272727272727273,0.6127272727272727,0.02,0.6954329219050955,0.653157034112529,0.22042446868030874,0,0,1,0,1,0,1
Quinoa Salad,0.2727272727272727,0.7218181818181818,0.4,0.1797283743191311,0.36694655128212905,0.7463889474854278,1,1,0,0,0,1,0
Keto Omelette,0.0,0.05818181818181818,0.94,0.09414362444313781,0.36819670598543214,0.2618349021822484,0,0,1,0,1,0,0
Shrimp Zoodles,0.45454545454545453,0.4163636363636364,0.88,0.48922744315247185,0.9079337131702191,0.43300007477428826,0,0,1,1,1,0,0
Quinoa Salad,1.0,0.8727272727272727,0.08,0.23135442299170886,0.500004946308139,0.5722147612706096,1,1,0,0,0,1,0
Chickpea Stew,0.0,0.3109090909090909,0.54,0.47234363238612553,0.27981953548656036,0.8873372848441404,1,1,0,0,0,0,0
Keto Avocado Salad,0.36363636363636365,0.5072727272727273,0.56,0.4303690362605235,0.968642041712772,0.9683976958705834,0,0,1,1,1,0,0
Quinoa Salad,0.2727272727272727,0.34545454545454546,0.4,0.19187870927482273,0.2687061708053387,0.48447902769241014,1,1,0,0,0,1,0
Cauliflower Rice Bowl,0.7272727272727273,0.5854545454545454,0.78,0.07076567078160953,0.20900024902177491,0.6725102754082589,1,1,0,1,1,0,0
Chicken Stir Fry,0.9090909090909091,0.889090909090909,0.02,0.3241937534879258,0.8503602875987724,0.13175431005924865,0,0,1,1,1,0,0
Eggplant Parmesan,0.5454545454545454,0.8654545454545455,0.82,0.8135014794244672,0.8117069187715653,0.8707240656507488,0,1,0,0,0,1,0
Tofu Stir Fry,1.0,0.9181818181818182,0.12,0.504077376148056,0.7998589804810996,0.6510836858084913,1,1,0,0,0,0,0
Shrimp Zoodles,1.0,0.8545454545454545,0.28,0.37749799673139267,0.09377440753136272,0.5785638952304525,0,0,1,1,1,0,0
Greek Yogurt Parfait,0.7272727272727273,0.34363636363636363,0.42,0.5938525375858948,0.030133062438826335,0.031323410129966776,0,1,0,0,0,1,0
Paleo Chicken Bowl,0.45454545454545453,0.8054545454545454,0.72,0.5249106707368519,0.7714861765853407,0.21187765997195707,0,0,1,1,1,0,0
Mediterranean Wrap,0.5454545454545454,0.35454545454545455,0.1,0.05193515367947002,0.5322470829014849,0.5404798467935364,0,0,0,0,0,1,0
Vegan Curry,0.2727272727272727,0.48727272727272725,0.98,0.5189372718778147,0.32332480703995875,0.7979995813544613,1,1,0,0,0,0,0
Greek Yogurt Parfait,1.0,0.10363636363636364,0.5,0.025469098151641265,0.964625561319529,0.839269259768347,0,1,0,0,0,1,0
Keto Avocado Salad,1.0,0.10363636363636364,0.0,0.44460979985599264,0.2399465245849063,0.08850772646555996,0,0,1,1,1,0,0
Vegan Curry,0.36363636363636365,0.49272727272727274,0.76,0.6604706116501335,0.4363247123511982,0.7320929380426204,1,1,0,0,0,0,0
Keto Omelette,1.0,0.2781818181818182,0.3,0.15944860862658541,0.1200229644872397,0.3394064380207787,0,0,1,0,1,0,0
Mediterranean Wrap,0.0,0.1690909090909091,0.9,0.9845237179392906,0.17532732701606923,0.010900894522245316,0,0,0,0,0,1,0
Eggplant Parmesan,0.36363636363636365,1.0,0.7,0.17407870013229118,0.4344988825050697,0.39669188654690996,0,1,0,0,0,1,0
Vegetarian Pizza,0.45454545454545453,0.18,0.66,0.26222031178886346,0.014899135881856481,0.9378620146219412,0,1,0,0,0,0,0
Quinoa Salad,0.6363636363636364,0.5890909090909091,0.88,0.16375858537705232,0.07030233137642024,0.6434510449264644,1,1,0,0,0,1,0
Chickpea Stew,1.0,0.28909090909090907,0.52,0.8050464658275763,0.6784275123062817,0.5735934976668106,1,1,0,0,0,0,0
Quinoa Salad,0.0,0.7745454545454545,0.72,0.6291390428111072,0.8220463059835151,0.652622263455708,1,1,0,0,0,1,0
Grilled Salmon,1.0,0.5163636363636364,0.24,0.21567826630018402,0.3777639873142733,0.03295718771339666,0,0,1,1,1,1,0
Cauliflower Rice Bowl,0.18181818181818182,0.1618181818181818,0.14,0.38736200912290014,0.6828840188042741,0.338136703396547,1,1,0,1,1,0,0
Greek Yogurt Parfait,0.7272727272727273,0.35454545454545455,0.98,0.6321576257696742,0.879234943209541,0.7371833470033119,0,1,0,0,0,1,0
Vegan Buddha Bowl,0.8181818181818182,0.8290909090909091,0.46,0.8109621027116014,0.9925523477588563,0.4109694190082566,1,1,0,0,1,0,0
Cauliflower Rice Bowl,0.0,0.17272727272727273,0.46,0.8715532163133535,0.5628358807041425,0.2349191117868987,1,1,0,1,1,0,0
Tofu Stir Fry,0.5454545454545454,0.3927272727272727,0.68,0.10364119928847909,0.9043789143107639,0.5046844519470917,1,1,0,0,0,0,0
Eggplant Parmesan,0.7272727272727273,0.62,0.24,0.9001055634147063,0.3897366182112346,0.00450369793686499,0,1,0,0,0,1,0
Keto Avocado Salad,0.18181818181818182,0.13636363636363635,0.16,0.3209400203973934,0.9520074590263239,0.9552331056570373,0,0,1,1,1,0,0
Greek Yogurt Parfait,0.8181818181818182,0.6654545454545454,0.3,0.45073435065976203,0.293504295948263,0.3260371974235604,0,1,0,0,0,1,1
Vegan Buddha Bowl,0.36363636363636365,0.2727272727272727,0.3,0.7936571851913071,0.09099158956472042,0.4937260569346637,1,1,0,0,1,0,1
Gluten-Free Pasta,0.8181818181818182,0.24,0.68,0.8922464060140983,0.35135366182325506,0.11197194595624022,0,0,0,0,1,0,0
Lentil Soup,0.7272727272727273,0.13272727272727272,0.86,0.871304042679061,0.8401456312268497,0.4246003531714113,0,1,0,0,0,0,0
Vegan Curry,0.8181818181818182,0.7127272727272728,0.98,0.8964606406945672,0.14652963488641188,0.5128524075561274,1,1,0,0,0,0,0
Paleo Chicken Bowl,0.18181818181818182,0.9,0.88,0.372531844852244,0.8143998470206317,0.9518353673201273,0,0,1,1,1,0,0
Tofu Stir Fry,0.2727272727272727,0.12545454545454546,0.6,0.48412624258792064,0.37849432638893854,0.7068469526159542,1,1,0,0,0,0,0
Vegetarian Pizza,0.8181818181818182,0.9636363636363636,0.76,0.4366688856792282,0.25387628448399857,0.403467345737865,0,1,0,0,0,0,0
Almond Flour Pancakes,1.0,0.8272727272727273,0.8,0.7480177643111182,0.6823083327214677,0.23381600680660702,0,1,1,1,1,0,0
Chickpea Stew,0.7272727272727273,0.2109090909090909,0.1,0.8062123707314769,0.979916174512294,0.5560290130386976,1,1,0,0,0,0,0
Turkey Lettuce Wraps,0.36363636363636365,0.14363636363636365,0.4,0.9980470057572001,0.07353826660795142,0.5538531759681896,0,0,1,1,1,1,0
Almond Flour Pancakes,0.7272727272727273,0.7290909090909091,0.92,0.6326157553322617,0.6970545881110127,0.45338173170722784,0,1,1,1,1,0,0
Keto Omelette,0.5454545454545454,0.02,0.18,0.9552753954518635,0.8920588846220989,0.4545104312592177,0,0,1,0,1,0,0
Vegan Curry,0.8181818181818182,0.6309090909090909,0.7,0.46606548082922683,0.3537970068457954,0.5840025624901524,1,1,0,0,0,0,1
Mediterranean Wrap,0.7272727272727273,0.9109090909090909,0.32,0.28118699801894254,0.41179700259368623,0.6033513839151079,0,0,0,0,0,1,0
Eggplant Parmesan,0.18181818181818182,0.4581818181818182,0.1,0.9546606873123831,0.7271007835309775,0.61410870715979,0,1,0,0,0,1,0
Chicken Stir Fry,0.8181818181818182,0.4381818181818182,0.88,0.16566816557114114,0.4118455200211275,0.780210600755417,0,0,1,1,1,0,0
Cauliflower Rice Bowl,0.0,0.5109090909090909,0.48,0.9748783590328033,0.8437929404972173,0.8416452339569379,1,1,0,1,1,0,0
Chicken Stir Fry,0.7272727272727273,0.1781818181818182,0.0,0.013730407491647568,0.07510469187049408,0.6933210603731792,0,0,1,1,1,0,0
Mediterranean Wrap,0.36363636363636365,0.7927272727272727,0.44,0.7729206220552322,0.9466979019265382,0.8530959222979657,0,0,0,0,0,1,0
Chickpea Stew,0.36363636363636365,0.14,0.16,0.12981030781702943,0.9560065516415268,0.6067837037782318,1,1,0,0,0,0,0
Quinoa Salad,0.0,0.8854545454545455,0.62,0.047125351977916285,0.26890429296378354,0.015983122125562164,1,1,0,0,0,1,0
Chicken Stir Fry,0.45454545454545453,0.21272727272727274,0.04,0.5228202426418167,0.8538808248620364,0.5518830185664882,0,0,1,1,1,0,0
Mediterranean Wrap,0.9090909090909091,0.7272727272727273,0.94,0.4824969058135217,0.4211495227818489,0.7873589868347889,0,0,0,0,0,1,0
Shrimp Zoodles,0.09090909090909091,0.13454545454545455,1.0,0.9077725243230547,0.618372223063846,0.9854368697433211,0,0,1,1,1,0,0
Cauliflower Rice Bowl,0.09090909090909091,0.6072727272727273,0.52,0.09145723684884259,0.7277800117529234,0.547370466447601,1,1,0,1,1,0,0
Quinoa Salad,0.6363636363636364,0.6072727272727273,0.58,0.6252663072226167,0.8640886413424379,0.9541339109721917,1,1,0,0,0,1,0
Vegan Buddha Bowl,0.8181818181818182,0.3327272727272727,0.32,0.4946291525825531,0.2584499727885913,0.45803000803616806,1,1,0,0,1,0,1
Chicken Stir Fry,0.45454545454545453,0.09454545454545454,0.02,0.33042640984381344,0.6345499498758237,0.23648593293010492,0,0,1,1,1,0,0
Greek Yogurt Parfait,0.7272727272727273,0.33090909090909093,0.3,0.152670259073863,0.13873242521075183,0.6418884986482202,0,1,0,0,0,1,0
Vegan Curry,0.2727272727272727,0.509090909090909,0.04,0.878791155037352,0.516087968296907,0.9779987480074744,1,1,0,0,0,0,0
Greek Yogurt Parfait,0.18181818181818182,0.007272727272727273,0.34,0.28000781153570364,0.17701176710932878,0.08327666701814253,0,1,0,0,0,1,0
Quinoa Salad,0.36363636363636365,0.4218181818181818,0.22,0.20738051483318828,0.36474209749827813,0.5028279487736507,1,1,0,0,0,1,0
Tofu Stir Fry,0.9090909090909091,0.13090909090909092,0.5,0.8034996755271538,0.6290356514900902,0.0762521877245404,1,1,0,0,0,0,0
Grilled Salmon,0.0,0.045454545454545456,0.7,0.8103253935936929,0.749697653636829,0.18021262046506975,0,0,1,1,1,1,0
Turkey Lettuce Wraps,0.6363636363636364,0.9545454545454546,0.5,0.7638422816687136,0.5321579817814838,0.7224586194235925,0,0,1,1,1,1,0
Shrimp Zoodles,0.9090909090909091,0.5654545454545454,1.0,0.7169973709933337,0.8970143701006165,0.5111844529679427,0,0,1,1,1,0,0
Turkey Lettuce Wraps,1.0,0.49636363636363634,0.74,0.5353378957342751,0.24263641711736347,0.26592289137503133,0,0,1,1,1,1,0
Mediterranean Wrap,1.0,0.06909090909090909,0.32,0.21252103969698652,0.32787710649782303,0.114698492702461,0,0,0,0,0,1,0
Chickpea Stew,0.2727272727272727,0.04363636363636364,0.06,0.3569142920093464,0.6500107218394505,0.47871480580458237,1,1,0,0,0,0,0
Vegan Buddha Bowl,0.45454545454545453,0.06,0.92,0.7492518802480128,0.4323012664011984,0.12260784185424212,1,1,0,0,1,0,0
Keto Avocado Salad,0.36363636363636365,0.94,0.5,0.6106602828844354,0.24452380377929142,0.4975980864448143,0,0,1,1,1,0,0
Paleo Chicken Bowl,0.36363636363636365,0.6836363636363636,0.64,0.007561319934952104,0.2254556102047553,0.3631573895405744,0,0,1,1,1,0,0
Eggplant Parmesan,0.2727272727272727,0.6345454545454545,0.2,0.08832679314115456,0.8074477259203481,0.0498421933944612,0,1,0,0,0,1,0
Keto Avocado Salad,0.5454545454545454,0.44,0.6,0.41249046606984124,0.9844053846174013,0.10688519211389645,0,0,1,1,1,0,0
Chicken Stir Fry,0.2727272727272727,0.13454545454545455,0.06,0.005315500960406026,0.9770755424922682,0.4900117129093639,0,0,1,1,1,0,0
Paleo Chicken Bowl,0.18181818181818182,0.8,0.02,0.5596073892279524,0.5726063890201972,0.2767839593771756,0,0,1,1,1,0,0
Lentil Soup,0.36363636363636365,0.5909090909090909,0.5,0.32532801470972744,0.42606250779574606,0.5070699580563641,0,1,0,0,0,0,1
Chickpea Stew,1.0,0.0,0.5,0.7717065117265635,0.0870658176358924,0.505545967320498,1,1,0,0,0,0,0
Vegan Buddha Bowl,0.9090909090909091,0.4690909090909091,0.64,0.37111293745851165,0.4549665521334632,0.5485407686113855,1,1,0,0,1,0,0
Vegetarian Pizza,1.0,0.02181818181818182,0.78,0.8140174029774656,0.25483717593504873,0.6829902933933991,0,1,0,0,0,0,0
Chickpea Stew,0.7272727272727273,0.9981818181818182,0.68,0.3506462644380192,0.9314229965813373,0.8338460285843853,1,1,0,0,0,0,0
Lentil Soup,0.09090909090909091,0.6054545454545455,0.2,0.9431424438912505,0.1812449687079227,0.06081142357817211,0,1,0,0,0,0,0
Vegan Curry,0.45454545454545453,0.6327272727272727,0.14,0.8321765250474308,0.7519455271934714,0.8024012596060809,1,1,0,0,0,0,0
Keto Omelette,0.36363636363636365,0.29818181818181816,0.08,0.2368891490168602,0.6349085589113285,0.9119936288756576,0,0,1,0,1,0,0
Tofu Stir Fry,0.8181818181818182,0.16,0.34,0.8207768957756011,0.43979542912972336,0.3748801379470416,1,1,0,0,0,0,0
Greek Yogurt Parfait,0.45454545454545453,0.04,0.28,0.5804370779376099,0.35581228631109624,0.3895873621133586,0,1,0,0,0,1,0
Chicken Stir Fry,0.36363636363636365,0.18727272727272729,1.0,0.545622430224326,0.432169532831789,0.33023685114866846,0,0,1,1,1,0,1
Greek Yogurt Parfait,0.6363636363636364,0.8127272727272727,0.28,0.8831247835822159,0.4962257119721346,0.7436477351499083,0,1,0,0,0,1,0
Vegan Buddha Bowl,0.45454545454545453,0.8,0.64,0.7105955727769846,0.7800861370079677,0.13833684698427046,1,1,0,0,1,0,0
Vegan Buddha Bowl,0.45454545454545453,0.9472727272727273,0.08,0.8812517453352418,0.3424981825037753,0.8243747414301994,1,1,0,0,1,0,0
Turkey Lettuce Wraps,0.2727272727272727,0.39090909090909093,0.28,0.8013737922890523,0.14985057168066954,0.22546465723526674,0,0,1,1,1,1,1
Lentil Soup,0.09090909090909091,0.7454545454545455,0.6,0.6015010146117706,0.5664866945738731,0.7180710533480074,0,1,0,0,0,0,0
Mediterranean Wrap,0.2727272727272727,0.01818181818181818,0.18,0.3442697103395464,0.22747887121824958,0.42207664752198515,0,0,0,0,0,1,0
Shrimp Zoodles,0.9090909090909091,0.7181818181818181,0.5,0.5892254934698934,0.5067170838520116,0.6121248772687099,0,0,1,1,1,0,0
Turkey Lettuce Wraps,0.6363636363636364,0.8345454545454546,0.86,0.5680206193489986,0.6979589918546448,0.9267975375493629,0,0,1,1,1,1,0
Vegan Curry,0.8181818181818182,0.6854545454545454,0.16,0.4262947649302447,0.7378524832435767,0.9388035755302033,1,1,0,0,0,0,0
Grilled Salmon,0.5454545454545454,0.7345454545454545,0.5,0.8431899346893642,0.12453231034962481,0.9251207086761227,0,0,1,1,1,1,0
Greek Yogurt Parfait,0.6363636363636364,0.7818181818181819,0.16,0.7480559541247424,0.20565294249155347,0.7905170170573346,0,1,0,0,0,1,0
Keto Avocado Salad,0.18181818181818182,0.44181818181818183,0.48,0.8679362896022432,0.9248375634475041,0.4646709299920195,0,0,1,1,1,0,0
Chicken Stir Fry,0.9090909090909091,0.96,0.84,0.03300347904405409,0.9146011146468829,0.24466099823339865,0,0,1,1,1,0,0
Gluten-Free Pasta,0.2727272727272727,0.9090909090909091,0.46,0.31305933238885125,0.7820147437429052,0.27436414294774125,0,0,0,0,1,0,0
Cauliflower Rice Bowl,0.36363636363636365,0.08727272727272728,0.12,0.9805341429594465,0.4596994411924502,0.5573445081808439,1,1,0,1,1,0,0
Vegan Curry,0.0,0.5927272727272728,0.0,0.3115152065967895,0.39787346761201026,0.4253059171310426,1,1,0,0,0,0,0
Greek Yogurt Parfait,0.0,0.7781818181818182,0.56,0.4744769515654414,0.5658178024833904,0.06001461005419361,0,1,0,0,0,1,0
Shrimp Zoodles,0.18181818181818182,0.31636363636363635,0.98,0.527068694155684,0.44142736147893474,0.3989765503982067,0,0,1,1,1,0,1
Paleo Chicken Bowl,0.18181818181818182,0.4781818181818182,0.56,0.0758790012137313,0.7546967250255607,0.26901718585917955,0,0,1,1,1,0,0
Greek Yogurt Parfait,0.09090909090909091,0.6890909090909091,0.64,0.025504893087153913,0.156101423026983,0.7178617951552129,0,1,0,0,0,1,0
Vegan Curry,0.0,0.5672727272727273,0.04,0.23224851461387275,0.6731386454957463,0.013480062835798548,1,1,0,0,0,0,0
Turkey Lettuce Wraps,0.36363636363636365,0.09090909090909091,0.64,0.5595658690863874,0.7221820319240847,0.808246479142922,0,0,1,1,1,1,0
Shrimp Zoodles,0.6363636363636364,0.8909090909090909,0.3,0.39920938455397403,0.669321462411526,0.20091454622670887,0,0,1,1,1,0,0
Eggplant Parmesan,0.09090909090909091,0.01090909090909091,0.18,0.08593549471762872,0.20796518992981425,0.02038128555133168,0,1,0,0,0,1,0
Greek Yogurt Parfait,0.2727272727272727,0.5163636363636364,0.34,0.8972394177264107,0.8190555210555595,0.33934339626326115,0,1,0,0,0,1,0
Vegetarian Pizza,0.09090909090909091,0.8545454545454545,0.22,0.8349040652880965,0.34561640125379345,0.7763988993135977,0,1,0,0,0,0,0
Keto Avocado Salad,0.09090909090909091,0.09454545454545454,0.86,0.22062491845593982,0.9765543372134778,0.7823922415421184,0,0,1,1,1,0,0
Chickpea Stew,0.8181818181818182,0.28545454545454546,0.9,0.4734703214985318,0.18212123963923507,0.4839716718193528,1,1,0,0,0,0,1
Chickpea Stew,0.7272727272727273,0.4290909090909091,0.48,0.25919895343499993,0.1392626568107531,0.838207131953631,1,1,0,0,0,0,0
Vegan Buddha Bowl,0.8181818181818182,0.8018181818181818,0.56,0.17254830522250747,0.2725482790196375,0.012144808957510168,1,1,0,0,1,0,0
Cauliflower Rice Bowl,0.36363636363636365,0.07454545454545454,0.7,0.5006342619639971,0.06690044969009559,0.40351388346635436,1,1,0,1,1,0,0
Paleo Chicken Bowl,0.8181818181818182,0.62,0.4,0.26502480468657663,0.26672473651952333,0.7342632187155199,0,0,1,1,1,0,0
Chicken Stir Fry,1.0,0.8254545454545454,0.18,0.9190911798625879,0.41937982943062796,0.38114647446395233,0,0,1,1,1,0,0
Shrimp Zoodles,0.09090909090909091,0.6581818181818182,0.0,0.08321173020599074,0.6042251300322796,0.24175010871823369,0,0,1,1,1,0,0
Grilled Salmon,0.6363636363636364,0.01818181818181818,0.7,0.7227229123804886,0.29742507581975763,0.5665498983931637,0,0,1,1,1,1,0
Chicken Stir Fry,0.5454545454545454,0.7363636363636363,0.08,0.4862249077488791,0.27014614873811893,0.5396782635208908,0,0,1,1,1,0,0
Greek Yogurt Parfait,0.18181818181818182,0.44181818181818183,0.84,0.8507382226012336,0.957194818075713,0.15001563419443856,0,1,0,0,0,1,0
Keto Avocado Salad,0.8181818181818182,0.8163636363636364,0.16,0.07551154371160196,0.7295762414554898,0.49480955893958867,0,0,1,1,1,0,0
Grilled Salmon,0.6363636363636364,0.07454545454545454,0.48,0.2476543799067384,0.8207184487295894,0.8022785935739576,0,0,1,1,1,1,0
Lentil Soup,0.18181818181818182,0.8672727272727273,0.74,0.5932468525835218,0.361437844105885,0.0861897887599375,0,1,0,0,0,0,0
Chickpea Stew,0.0,0.5981818181818181,0.96,0.1860709653292212,0.5428199224867338,0.8766660819082914,1,1,0,0,0,0,0
Vegan Curry,0.36363636363636365,0.14545454545454545,0.44,0.7278062810278382,0.6383903095471527,0.9855522752134962,1,1,0,0,0,0,0
Cauliflower Rice Bowl,0.7272727272727273,0.48545454545454547,0.28,0.6967195021330737,0.05128167406513107,0.6712699244946153,1,1,0,1,1,0,1
Vegetarian Pizza,0.5454545454545454,0.7272727272727273,0.44,0.5586461717779415,0.4739563371167553,0.3100431305775092,0,1,0,0,0,0,1
Turkey Lettuce Wraps,0.36363636363636365,0.9418181818181818,0.16,0.19357536532379457,0.11512805821995196,0.4202210537348876,0,0,1,1,1,1,0
Cauliflower Rice Bowl,0.2727272727272727,0.7290909090909091,0.82,0.6478414770456693,0.6513586134074609,0.36249012719107976,1,1,0,1,1,0,0
Lentil Soup,1.0,0.17636363636363636,0.04,0.6998490391230736,0.34028584753556956,0.7267589027917558,0,1,0,0,0,0,0
Lentil Soup,0.5454545454545454,0.9563636363636364,0.96,0.5411517926977618,0.662875329695835,0.7400005464962032,0,1,0,0,0,0,0
Quinoa Salad,0.8181818181818182,0.19454545454545455,0.02,0.024514262993479502,0.8718432602835308,0.015057116041352658,1,1,0,0,0,1,0
Tofu Stir Fry,0.09090909090909091,0.7545454545454545,0.62,0.8028692950482553,1.0,0.34834159028588885,1,1,0,0,0,0,0
Chickpea Stew,0.36363636363636365,0.49272727272727274,0.86,0.9891201176777196,0.7697617112351994,0.4161785748852046,1,1,0,0,0,0,0
Gluten-Free Pasta,0.2727272727272727,0.7054545454545454,0.0,0.23999037680409577,0.11030805831053282,0.3522975362187641,0,0,0,0,1,0,0
Cauliflower Rice Bowl,0.2727272727272727,0.2636363636363636,0.72,0.04229743303188053,0.017474992300936628,0.9927811990711737,1,1,0,1,1,0,0
Keto Avocado Salad,0.0,0.6236363636363637,0.06,0.21936183469786624,0.9519064224582457,0.7890552921417014,0,0,1,1,1,0,0
Grilled Salmon,1.0,0.7981818181818182,0.9,0.603868844809175,0.9055529200003825,0.9942607755562773,0,0,1,1,1,1,0
Gluten-Free Pasta,0.2727272727272727,0.5618181818181818,1.0,0.5153069058872254,0.23080604669433022,0.17212641617056973,0,0,0,0,1,0,1
Keto Avocado Salad,0.0,0.9181818181818182,0.04,0.8304324321414119,0.8023397119831389,0.6306622619218721,0,0,1,1,1,0,0
Chickpea Stew,0.7272727272727273,0.1781818181818182,0.38,1.0,0.17388869729770204,0.39440278249264116,1,1,0,0,0,0,0
Cauliflower Rice Bowl,0.09090909090909091,0.11090909090909092,0.32,0.15467369707254083,0.8174410340912642,0.22059772837663022,1,1,0,1,1,0,0
Turkey Lettuce Wraps,0.7272727272727273,0.5963636363636363,0.06,0.5830503525318133,0.09127302995510345,0.8812337644436307,0,0,1,1,1,1,0
Keto Omelette,0.9090909090909091,0.9818181818181818,0.16,0.044592621137601665,0.853892888153332,0.02937513022600812,0,0,1,0,1,0,0
Turkey Lettuce Wraps,0.6363636363636364,0.9745454545454545,0.08,0.7389725970571147,0.2816547582372453,0.24913522790333734,0,0,1,1,1,1,0
Paleo Chicken Bowl,0.6363636363636364,0.45454545454545453,0.08,0.04902214674396459,0.5334981091472416,0.9668822211342013,0,0,1,1,1,0,0
Eggplant Parmesan,1.0,0.20545454545454545,0.78,0.887423879122113,0.5169330539180217,0.9106254455793368,0,1,0,0,0,1,0
Keto Omelette,0.6363636363636364,0.07090909090909091,0.66,0.5465567964379114,0.8662231677272764,0.7360086807192487,0,0,1,0,1,0,0
Greek Yogurt Parfait,0.6363636363636364,0.16545454545454547,0.64,0.15813612200149035,0.16035961338912944,0.3314438582368131,0,1,0,0,0,1,0
Tofu Stir Fry,0.7272727272727273,0.30727272727272725,0.7,0.621773156826638,0.7541658119495649,0.15399446617613624,1,1,0,0,0,0,0
Grilled Salmon,0.8181818181818182,0.05454545454545454,0.44,0.005159871011497613,0.8215651726150649,0.22483112017654,0,0,1,1,1,1,0
Gluten-Free Pasta,0.09090909090909091,0.6454545454545455,0.02,0.8363913273868977,0.5083001100200697,0.0,0,0,0,0,1,0,0
Tofu Stir Fry,0.9090909090909091,0.20363636363636364,0.8,0.6350430325806796,0.260013086892665,0.6349393478383248,1,1,0,0,0,0,0
Tofu Stir Fry,0.18181818181818182,0.5909090909090909,0.36,0.7649202771193905,0.5421839583597848,0.9677623990024116,1,1,0,0,0,0,0
Turkey Lettuce Wraps,0.36363636363636365,0.5036363636363637,0.06,0.17463313526257435,0.7723488963075851,0.9518852532728136,0,0,1,1,1,1,0
Chickpea Stew,1.0,0.7272727272727273,0.18,0.47599162550170765,0.05762223434430596,0.06910518359420317,1,1,0,0,0,0,0
Cauliflower Rice Bowl,0.09090909090909091,0.4890909090909091,0.92,0.9738364990462764,0.7510932962039958,0.12514300428489117,1,1,0,1,1,0,0
Lentil Soup,0.5454545454545454,0.05090909090909091,0.2,0.825715609980828,0.37232478816437437,0.8218742547583323,0,1,0,0,0,0,0
Grilled Salmon,0.8181818181818182,0.9763636363636363,0.66,0.2750186751708187,0.9991883534703404,0.4246912279557476,0,0,1,1,1,1,0
Tofu Stir Fry,0.7272727272727273,0.06909090909090909,0.28,0.7988752230313957,0.694982927793924,0.21688395735272922,1,1,0,0,0,0,0
Chicken Stir Fry,0.2727272727272727,0.038181818181818185,0.2,0.27464965246480666,0.9528110702219539,0.14635923448682175,0,0,1,1,1,0,0
Turkey Lettuce Wraps,0.36363636363636365,0.1509090909090909,0.1,0.7639816625430192,0.4429672399699827,0.30912973503581326,0,0,1,1,1,1,0
Paleo Chicken Bowl,0.09090909090909091,0.29454545454545455,0.96,0.6549981782540194,0.3690092851434506,0.8679783445152908,0,0,1,1,1,0,0
Eggplant Parmesan,0.9090909090909091,0.10727272727272727,0.9,0.2047345411511517,0.09094987226725137,0.14898970466061937,0,1,0,0,0,1,0
Shrimp Zoodles,0.09090909090909091,0.36,0.04,0.8008737020066874,0.29446390493682506,0.9160098317528085,0,0,1,1,1,0,0
Keto Omelette,0.2727272727272727,0.9563636363636364,0.48,0.0012264600326253668,0.5993881513005113,0.6079287171885789,0,0,1,0,1,0,0
Almond Flour Pancakes,0.2727272727272727,0.9454545454545454,0.74,0.2266854677234549,0.16078604691863527,0.652657363024456,0,1,1,1,1,0,0
Chicken Stir Fry,0.6363636363636364,0.7163636363636363,0.24,0.1503362961207525,0.4653231578656369,0.6819319976021642,0,0,1,1,1,0,0
Cauliflower Rice Bowl,0.45454545454545453,0.9872727272727273,0.2,0.6985354450340586,0.8618416929307945,0.7824855310797734,1,1,0,1,1,0,0
Vegan Curry,0.9090909090909091,0.38727272727272727,1.0,0.10545677522919224,0.24220985925185526,0.9917090428945393,1,1,0,0,0,0,0
Turkey Lettuce Wraps,0.45454545454545453,0.15454545454545454,0.54,0.7060569176345555,0.560612293799513,0.0034244524430712617,0,0,1,1,1,1,0
Quinoa Salad,0.09090909090909091,0.4072727272727273,0.64,0.8870491834278299,0.08227214674394888,0.8276694648932064,1,1,0,0,0,1,0
Gluten-Free Pasta,0.09090909090909091,0.3,0.76,0.2018778014746185,0.6944934148081318,0.8245603039135557,0,0,0,0,1,0,0
Vegetarian Pizza,0.5454545454545454,0.7763636363636364,0.96,0.9564197261796569,0.12408848245629499,0.900212995146428,0,1,0,0,0,0,0
Keto Avocado Salad,0.45454545454545453,0.13090909090909092,0.76,0.6160768807542657,0.2991435576392357,0.9396481117890528,0,0,1,1,1,0,0
Vegan Curry,0.09090909090909091,0.5763636363636364,0.38,0.3411798757687118,0.8164304877188774,0.07458882710772204,1,1,0,0,0,0,0
Almond Flour Pancakes,0.2727272727272727,0.7072727272727273,0.42,0.45462698045080546,0.6447523853085416,0.5260814023107193,0,1,1,1,1,0,1
Vegetarian Pizza,0.9090909090909091,0.02,0.44,0.6536184971183012,0.4800404105497075,0.6164626694044429,0,1,0,0,0,0,0
Greek Yogurt Parfait,0.5454545454545454,0.6454545454545455,0.88,0.18304048517800922,0.7912406881977112,0.659929504229907,0,1,0,0,0,1,0
Greek Yogurt Parfait,1.0,0.9963636363636363,0.62,0.5452498537700657,0.4940735332438128,0.07601693333938438,0,1,0,0,0,1,0
Greek Yogurt Parfait,0.18181818181818182,0.8072727272727273,0.56,0.420534482898326,0.20364638065486218,0.8437937028544528,0,1,0,0,0,1,0
Chickpea Stew,0.36363636363636365,0.2872727272727273,0.46,0.42766441853056436,0.346361117166623,0.36890559761122016,1,1,0,0,0,0,1
Almond Flour Pancakes,1.0,0.27454545454545454,0.98,0.8714676686066588,0.5796868707211192,0.4372703558205909,0,1,1,1,1,0,0
Chicken Stir Fry,0.2727272727272727,0.6072727272727273,0.66,0.7970122606772766,0.6562127793010811,0.9972435674057479,0,0,1,1,1,0,0
Lentil Soup,0.18181818181818182,0.4290909090909091,0.34,0.6347884261933693,0.7345128920989995,0.12664172639815652,0,1,0,0,0,0,0
Vegan Curry,0.2727272727272727,0.8672727272727273,0.44,0.6357737683282744,0.3733424490909406,0.5121331525709617,1,1,0,0,0,0,0
Mediterranean Wrap,0.36363636363636365,0.5763636363636364,0.92,0.5959483736019028,0.5804282212968455,0.6638886483495328,0,0,0,0,0,1,1
Gluten-Free Pasta,0.45454545454545453,0.26181818181818184,0.48,0.9743737079089709,0.25833873813963315,0.6579354055022779,0,0,0,0,1,0,0
Quinoa Salad,0.6363636363636364,0.8345454545454546,0.7,0.9747845273977094,0.45448691805394303,0.23234301839952048,1,1,0,0,0,1,0
Keto Omelette,0.45454545454545453,0.4890909090909091,0.3,0.5224286916833177,0.3374068377106099,0.8320897403666785,0,0,1,0,1,0,0
Quinoa Salad,0.36363636363636365,0.5,0.14,0.6202992426343819,0.7081108525407217,0.16252966165248584,1,1,0,0,0,1,0
Almond Flour Pancakes,1.0,0.21818181818181817,0.84,0.7401680590125063,0.6650300878160998,0.4737058369144014,0,1,1,1,1,0,0
Chickpea Stew,0.6363636363636364,0.2818181818181818,0.92,0.8727138130847455,0.20591500157267617,0.10676451822723598,1,1,0,0,0,0,0
Cauliflower Rice Bowl,0.09090909090909091,0.9272727272727272,0.72,0.9413987800324577,0.03899859386903286,0.11707365552960294,1,1,0,1,1,0,0
Paleo Chicken Bowl,0.36363636363636365,0.10545454545454545,0.08,0.10382723707848754,0.58569724063143,0.6897736347072912,0,0,1,1,1,0,0
Almond Flour Pancakes,0.36363636363636365,0.4381818181818182,0.46,0.6894750523486005,0.01697960498926753,0.3204387710318377,0,1,1,1,1,0,1
Gluten-Free Pasta,0.6363636363636364,0.8981818181818182,0.84,0.4913426661506882,0.668097512900458,0.13481956937225203,0,0,0,0,1,0,0
Tofu Stir Fry,0.2727272727272727,0.6090909090909091,0.98,0.20287726480833773,0.6746822075110515,0.9747631451427197,1,1,0,0,0,0,0
Quinoa Salad,0.5454545454545454,0.6381818181818182,0.74,0.8725841250456077,0.17715142262970843,0.6942432462962969,1,1,0,0,0,1,0
Grilled Salmon,0.8181818181818182,0.7509090909090909,0.98,0.24538807027144663,0.8325229359707721,0.8682318530514035,0,0,1,1,1,1,0
Chickpea Stew,1.0,0.6254545454545455,0.9,0.923378914724239,0.6016761686067642,0.9453878195975987,1,1,0,0,0,0,0
Shrimp Zoodles,0.36363636363636365,0.5509090909090909,0.08,0.5801344994394294,0.34900642807614096,0.15468476380699983,0,0,1,1,1,0,1
Paleo Chicken Bowl,0.7272727272727273,0.2909090909090909,0.8,0.9984210560790902,0.7538762084877179,0.08507657773649138,0,0,1,1,1,0,0
Keto Avocado Salad,0.9090909090909091,0.5872727272727273,0.66,0.40620186489237486,0.32741174845296006,0.6689187413066446,0,0,1,1,1,0,0
Paleo Chicken Bowl,0.09090909090909091,0.72,0.8,0.3188112346499018,0.8706419983523171,0.37359312383561316,0,0,1,1,1,0,0
Gluten-Free Pasta,0.7272727272727273,0.11636363636363636,0.22,0.6129485449491916,0.5644120700491765,0.37839594259460846,0,0,0,0,1,0,0
Quinoa Salad,0.0,0.9018181818181819,0.68,0.2284238247907205,0.07293611504088014,0.6040258706883551,1,1,0,0,0,1,0
Shrimp Zoodles,0.8181818181818182,0.0036363636363636364,0.4,0.8677508521230597,0.5199433705042545,0.47830991412986984,0,0,1,1,1,0,0
Lentil Soup,0.36363636363636365,0.5509090909090909,0.72,0.2473203003865293,0.47745045968019045,0.39250420075041526,0,1,0,0,0,0,0
Paleo Chicken Bowl,0.09090909090909091,0.66,0.84,0.018314421286123657,0.1958264684098457,0.0011907298746317609,0,0,1,1,1,0,0
Turkey Lettuce Wraps,0.36363636363636365,0.22363636363636363,0.28,0.2447196650105072,0.9289221232616868,0.054509903212795155,0,0,1,1,1,1,0
Tofu Stir Fry,0.45454545454545453,0.6054545454545455,0.06,0.25808213569439753,0.28514545663514634,0.30441333933530523,1,1,0,0,0,0,0
Turkey Lettuce Wraps,1.0,0.5272727272727272,0.14,0.3128930115417441,0.6114248656440545,0.718042321621821,0,0,1,1,1,1,0
Chickpea Stew,0.2727272727272727,0.1618181818181818,0.48,0.5251496710106573,0.12308866167910892,0.8629782473427602,1,1,0,0,0,0,0
Gluten-Free Pasta,0.5454545454545454,0.5654545454545454,0.96,0.5702108338318922,0.25676413898879435,0.9676965108288087,0,0,0,0,1,0,0
Vegan Buddha Bowl,0.45454545454545453,0.6981818181818182,0.86,0.04362354447397377,0.6342998437190821,0.9560385864268229,1,1,0,0,1,0,0
Keto Avocado Salad,0.8181818181818182,0.9454545454545454,0.28,0.6141036236059237,0.41161830323031123,0.8431957057947378,0,0,1,1,1,0,0
Vegan Curry,0.6363636363636364,0.08727272727272728,0.5,0.25694476083558515,0.30237628298072133,0.7340340661950591,1,1,0,0,0,0,0
Vegan Buddha Bowl,1.0,0.3018181818181818,0.18,0.8136711657615774,0.7681403651473315,0.14498952074163496,1,1,0,0,1,0,0
Cauliflower Rice Bowl,0.36363636363636365,0.8763636363636363,0.86,0.8672115274828336,0.2168410013644569,0.09037046536974273,1,1,0,1,1,0,0
Eggplant Parmesan,0.36363636363636365,0.76,0.54,0.20723220399517128,0.6391213570311884,0.2534193687294449,0,1,0,0,0,1,0
Tofu Stir Fry,0.7272727272727273,0.46,0.48,0.9928411601951702,0.1363390008039048,0.6967912209108647,1,1,0,0,0,0,0
Keto Omelette,0.8181818181818182,0.6781818181818182,0.76,0.7282219245196041,0.01541698647376665,0.3386075867015471,0,0,1,0,1,0,1
Shrimp Zoodles,0.18181818181818182,0.39454545454545453,0.74,0.5813423443475582,0.27440628017350854,0.07388523881752755,0,0,1,1,1,0,1
Vegan Curry,0.36363636363636365,0.64,0.7,0.19283990862409753,0.323740940155272,0.22283940053643922,1,1,0,0,0,0,0
Keto Avocado Salad,0.5454545454545454,0.9381818181818182,0.86,0.2348993291957961,0.5409261388329358,0.8838825240065178,0,0,1,1,1,0,0
Cauliflower Rice Bowl,0.18181818181818182,0.6909090909090909,0.04,0.1912895339031483,0.05202661199704436,0.37642999864506316,1,1,0,1,1,0,0
Paleo Chicken Bowl,0.0,0.6418181818181818,0.44,0.4675804201385541,0.059849704375549526,0.5623941671252722,0,0,1,1,1,0,0
Vegan Buddha Bowl,0.36363636363636365,0.8654545454545455,0.6,0.7586984394678645,0.1704627917826473,0.4077929774051419,1,1,0,0,1,0,0
Eggplant Parmesan,1.0,0.7254545454545455,0.22,0.9862584172413893,0.47563697871832616,0.3805270862134821,0,1,0,0,0,1,0
Greek Yogurt Parfait,0.6363636363636364,0.9381818181818182,0.38,0.9317447834772735,0.5408712167274969,0.845393027809948,0,1,0,0,0,1,0
Almond Flour Pancakes,0.45454545454545453,0.7363636363636363,0.34,0.791932226825624,0.8664169656286245,0.6091224427327976,0,1,1,1,1,0,0
Lentil Soup,0.45454545454545453,0.9072727272727272,0.66,0.06342108763883668,0.11750101842244225,0.22354847251546509,0,1,0,0,0,0,0
Tofu Stir Fry,0.09090909090909091,0.6545454545454545,0.4,0.3480867029631787,0.2392126565914863,0.5092084787737138,1,1,0,0,0,0,0
Keto Omelette,0.2727272727272727,0.7381818181818182,0.5,0.6036636846285802,0.5165324562030712,0.9236538899353754,0,0,1,0,1,0,0
Grilled Salmon,0.45454545454545453,0.5727272727272728,0.72,0.39303711589416823,0.5019694940090529,0.39535046581651034,0,0,1,1,1,1,1
Paleo Chicken Bowl,0.09090909090909091,0.7781818181818182,0.68,0.6777512868784962,0.5333764771713068,0.7233751915109952,0,0,1,1,1,0,0
Keto Omelette,0.5454545454545454,0.9545454545454546,0.16,0.32417085020167075,0.022507507468016025,0.14912436855931474,0,0,1,0,1,0,0
Keto Omelette,0.09090909090909091,0.37272727272727274,0.38,0.5759694339468351,0.9346326447607656,0.5754107556574528,0,0,1,0,1,0,0
Quinoa Salad,0.2727272727272727,0.1709090909090909,0.26,0.1399004152957948,0.9000768424413782,0.8325440164742837,1,1,0,0,0,1,0
Almond Flour Pancakes,0.18181818181818182,0.8763636363636363,0.8,0.8294223484858219,0.6675387394105975,0.11672159411656015,0,1,1,1,1,0,0
Chicken Stir Fry,0.2727272727272727,0.9745454545454545,0.28,0.9680441925054973,0.5504676967521718,0.9706255625559217,0,0,1,1,1,0,0
Tofu Stir Fry,0.2727272727272727,0.8109090909090909,0.1,0.0003225174335057268,0.017288399079795312,0.6031199983452745,1,1,0,0,0,0,0
Greek Yogurt Parfait,0.18181818181818182,0.9381818181818182,0.36,0.19275460411904938,0.21184401614773934,0.4837928300177062,0,1,0,0,0,1,0
Cauliflower Rice Bowl,0.6363636363636364,0.84,0.16,0.4325331104803381,0.17065008200826776,0.0690398267463118,1,1,0,1,1,0,0
Shrimp Zoodles,0.18181818181818182,0.4763636363636364,0.3,0.6951543580441147,0.6191621669630155,0.6341137533829638,0,0,1,1,1,0,1
Vegan Curry,0.0,0.18181818181818182,0.76,0.2219236516508266,0.17374568496964296,0.656910599664804,1,1,0,0,0,0,0
Paleo Chicken Bowl,0.5454545454545454,0.11272727272727273,0.72,0.8911407956687971,0.45047195326628336,0.19043191997860026,0,0,1,1,1,0,0
Gluten-Free Pasta,0.9090909090909091,0.16545454545454547,0.42,0.8317714660920116,0.7350155111509118,0.7718164436693276,0,0,0,0,1,0,0
Chicken Stir Fry,0.9090909090909091,0.7345454545454545,0.74,0.26113435467109625,0.7617580419204824,0.13224837993366087,0,0,1,1,1,0,0
Gluten-Free Pasta,0.36363636363636365,0.11636363636363636,0.24,0.01217125971122221,0.24136417945657282,0.9807943814261582,0,0,0,0,1,0,0
Cauliflower Rice Bowl,0.36363636363636365,0.31272727272727274,0.62,0.4903450381140771,0.10956828801642932,0.5478896334265015,1,1,0,1,1,0,1
Almond Flour Pancakes,0.5454545454545454,0.9254545454545454,0.06,0.8690844008739147,0.24364641564141123,0.6528507737524311,0,1,1,1,1,0,0
Keto Omelette,0.7272727272727273,0.7909090909090909,0.56,0.4617920334226106,0.7865469498474593,0.8960281388017869,0,0,1,0,1,0,0
Keto Avocado Salad,0.0,0.21636363636363637,0.16,0.947656165671352,0.81047389247151,0.07084771297652775,0,0,1,1,1,0,0
Quinoa Salad,0.8181818181818182,0.4381818181818182,0.78,0.4638331471020711,0.6383601308575457,0.6605831865179848,1,1,0,0,0,1,1
Vegan Curry,0.0,0.14181818181818182,0.32,0.06698227072975803,0.5192679128121817,0.14545997697348242,1,1,0,0,0,0,0
Lentil Soup,0.0,0.15636363636363637,0.72,0.04806449780464434,0.03767357740773451,0.7484494350019799,0,1,0,0,0,0,0
Quinoa Salad,0.18181818181818182,0.74,0.68,0.01215889720631413,0.9584630853168403,0.7396490874645864,1,1,0,0,0,1,0
Shrimp Zoodles,0.2727272727272727,0.7909090909090909,0.28,0.9471377681276222,0.7853701305256846,0.3525192952505224,0,0,1,1,1,0,0
Mediterranean Wrap,0.36363636363636365,0.6345454545454545,0.62,0.06905363453902759,0.4249200891117047,0.07712083288835499,0,0,0,0,0,1,0
Eggplant Parmesan,1.0,0.610909090909091,0.6,0.7864873735894186,0.22797154167942368,0.9809128417130795,0,1,0,0,0,1,0
Turkey Lettuce Wraps,0.09090909090909091,0.6927272727272727,0.06,0.7785959533370279,0.6450797649409056,0.5300263515993732,0,0,1,1,1,1,0
Cauliflower Rice Bowl,0.8181818181818182,0.2690909090909091,0.7,0.2943125177374368,0.9819910402722352,0.6024405920113671,1,1,0,1,1,0,0
Eggplant Parmesan,1.0,0.4090909090909091,0.2,0.043948294964610564,0.11064274698267887,0.5990515090545424,0,1,0,0,0,1,0
Keto Avocado Salad,0.7272727272727273,0.8854545454545455,0.26,0.44164744049375637,0.6140372183609131,0.9476139637686422,0,0,1,1,1,0,0
Almond Flour Pancakes,0.36363636363636365,0.3109090909090909,0.62,0.49858086699074905,0.012302972659226957,0.9975289413160634,0,1,1,1,1,0,0
Gluten-Free Pasta,0.0,0.4218181818181818,0.92,0.25352332081265544,0.756496949194381,0.45945011997860147,0,0,0,0,1,0,0
Vegan Curry,0.6363636363636364,0.4309090909090909,0.12,0.18150935305393556,0.05354976429641777,0.31733213347967565,1,1,0,0,0,0,0
Grilled Salmon,0.7272727272727273,0.9690909090909091,0.54,0.04338352238854021,0.16478542669756727,0.12680469339245337,0,0,1,1,1,1,0
Turkey Lettuce Wraps,0.2727272727272727,0.5127272727272727,0.98,0.21459498403333088,0.506681007415468,0.844047247424832,0,0,1,1,1,1,0
Tofu Stir Fry,0.45454545454545453,0.7636363636363637,0.64,0.5109567393543705,0.2978528847472119,0.5651511260494595,1,1,0,0,0,0,0
Gluten-Free Pasta,1.0,0.6654545454545454,0.48,0.7650143920052144,0.16003031691715233,0.46047996912079514,0,0,0,0,1,0,0
Eggplant Parmesan,0.6363636363636364,0.23272727272727273,0.86,0.7301767653744166,0.9938604386771728,0.09387440246857452,0,1,0,0,0,1,0
Vegetarian Pizza,0.09090909090909091,0.8909090909090909,0.48,0.5579208376740659,0.7344710607723614,0.6167089366664179,0,1,0,0,0,0,0
Chicken Stir Fry,0.7272727272727273,0.2018181818181818,0.24,0.5414474787862523,0.5250335256182292,0.8514776676760424,0,0,1,1,1,0,0
Lentil Soup,0.0,0.023636363636363636,0.66,0.762556701482411,0.6796410371128151,0.7586241282441611,0,1,0,0,0,0,0
Paleo Chicken Bowl,0.6363636363636364,0.38181818181818183,0.72,0.1253421449129906,0.3859012007241793,0.6444079780601201,0,0,1,1,1,0,0
Vegetarian Pizza,0.6363636363636364,0.4109090909090909,0.5,0.39352252846839725,0.4132156815687904,0.697270336556688,0,1,0,0,0,0,1
Vegetarian Pizza,0.45454545454545453,0.34,0.88,0.09345598686518061,0.5892376889569326,0.48012181378182794,0,1,0,0,0,0,0
Shrimp Zoodles,0.18181818181818182,0.6090909090909091,0.06,0.05306315006098118,0.4873775506871537,0.5998986649605421,0,0,1,1,1,0,0
Greek Yogurt Parfait,1.0,0.10727272727272727,0.36,0.5008000368000607,0.07680818415388925,0.05277342421328627,0,1,0,0,0,1,0
Tofu Stir Fry,1.0,0.9836363636363636,0.74,0.21090678872318433,0.8267619599021406,0.5199041070596282,1,1,0,0,0,0,0
Tofu Stir Fry,0.2727272727272727,0.6345454545454545,0.96,0.43623418875339826,0.0883793629788169,0.21672445858960276,1,1,0,0,0,0,1
Turkey Lettuce Wraps,0.9090909090909091,0.21272727272727274,0.88,0.17435833167508735,0.6387128032584859,0.4954924997187004,0,0,1,1,1,1,0
Turkey Lettuce Wraps,0.9090909090909091,0.7236363636363636,0.1,0.9961992106602124,0.7486549351576989,0.7421560142895715,0,0,1,1,1,1,0
Eggplant Parmesan,0.36363636363636365,0.9163636363636364,0.18,0.3362156354178233,0.02581869771057927,0.018013550559837433,0,1,0,0,0,1,0
Tofu Stir Fry,0.45454545454545453,0.7727272727272727,0.68,0.4318492554427304,0.8744812547271078,0.8452921371682424,1,1,0,0,0,0,0
Mediterranean Wrap,0.2727272727272727,0.08727272727272728,0.4,0.46052568856831516,0.48373963419349736,0.12857631543318015,0,0,0,0,0,1,0
Vegan Buddha Bowl,0.5454545454545454,0.5345454545454545,0.98,0.9140436643753604,0.7817313887825754,0.0006508348550372152,1,1,0,0,1,0,0
Keto Avocado Salad,0.45454545454545453,0.66,0.6,0.9273444149867823,0.4728037618002592,0.007098586501128607,0,0,1,1,1,0,0
Lentil Soup,0.8181818181818182,0.7509090909090909,0.42,0.2630365380485231,0.24715605082822018,0.9103632844893157,0,1,0,0,0,0,0
Vegetarian Pizza,0.45454545454545453,0.3709090909090909,0.1,0.06568979116057759,0.4883535305290169,0.027545267518901007,0,1,0,0,0,0,0
Almond Flour Pancakes,0.09090909090909091,0.4527272727272727,0.84,0.13994800468315155,0.5333158147049335,0.40942959374798604,0,1,1,1,1,0,0
Gluten-Free Pasta,0.45454545454545453,0.7236363636363636,0.34,0.7361944954631969,0.549255704092859,0.12302050472805379,0,0,0,0,1,0,1
Eggplant Parmesan,0.5454545454545454,0.7727272727272727,0.5,0.4209300321137098,0.2603681876214226,0.7328837023118898,0,1,0,0,0,1,0
Cauliflower Rice Bowl,0.36363636363636365,0.23636363636363636,0.44,0.1991021781119362,0.5663081539227727,0.46288267959215856,1,1,0,1,1,0,0
Lentil Soup,0.7272727272727273,0.8072727272727273,0.8,0.02213650611007205,0.7213749505751941,0.416404329059599,0,1,0,0,0,0,0
Gluten-Free Pasta,0.45454545454545453,0.5236363636363637,0.32,0.9855351735985294,0.2275375312082517,0.4022288581232867,0,0,0,0,1,0,0
Grilled Salmon,0.7272727272727273,0.7672727272727272,0.42,0.5516425016443861,0.6139976975837129,0.22232410967860367,0,0,1,1,1,1,0
Chicken Stir Fry,0.0,0.9381818181818182,0.02,0.6675835005036442,0.2161900213644036,0.0922399715668607,0,0,1,1,1,0,0
Eggplant Parmesan,0.18181818181818182,0.15454545454545454,0.22,0.06258087213953267,0.5133476877409286,0.8093478252238645,0,1,0,0,0,1,0
Vegetarian Pizza,0.18181818181818182,0.44,0.96,0.20238508281695639,0.2588273661333751,0.16016686915132985,0,1,0,0,0,0,0
Vegan Buddha Bowl,0.2727272727272727,0.38727272727272727,0.28,0.20592061954686824,0.8795939083599572,0.8833794925003641,1,1,0,0,1,0,0
Shrimp Zoodles,0.9090909090909091,0.6909090909090909,0.8,0.5630442959149006,0.7521736817923087,0.5580277544673854,0,0,1,1,1,0,0
Chicken Stir Fry,0.7272727272727273,0.46,0.04,0.9138728062005028,0.539612727263751,0.4971578212981714,0,0,1,1,1,0,0
Paleo Chicken Bowl,0.5454545454545454,0.7909090909090909,0.44,0.8263088509641267,0.3809328612557146,0.7781969548394676,0,0,1,1,1,0,0
Greek Yogurt Parfait,0.9090909090909091,0.9145454545454546,0.22,0.5260026149549113,0.287416209329012,0.7956406116559768,0,1,0,0,0,1,0
Vegan Buddha Bowl,0.36363636363636365,0.1290909090909091,0.16,0.39799010462229467,0.9169476067512656,0.5327848856978857,1,1,0,0,1,0,0
Vegetarian Pizza,1.0,0.8490909090909091,0.1,0.7973190824706838,0.31711443137751294,0.8607156278122761,0,1,0,0,0,0,0
Keto Omelette,0.9090909090909091,0.07090909090909091,0.74,0.14142168299150967,0.20207983877708094,0.17991298619319807,0,0,1,0,1,0,0
Mediterranean Wrap,1.0,0.4709090909090909,0.58,0.6184428061973872,0.08323010048358478,0.8862470630185001,0,0,0,0,0,1,0
Lentil Soup,0.9090909090909091,0.02727272727272727,0.0,0.41989239641701476,0.98614144194179,0.6692491636216485,0,1,0,0,0,0,0
Tofu Stir Fry,0.09090909090909091,0.4709090909090909,0.54,0.8864403485339702,0.4281209209812109,0.15766508114288938,1,1,0,0,0,0,0
Mediterranean Wrap,0.7272727272727273,0.23636363636363636,0.64,0.029503102639528808,0.824584275363672,0.20573881214315093,0,0,0,0,0,1,0
Mediterranean Wrap,0.18181818181818182,0.8636363636363636,0.56,0.2979990778298272,0.92007337950215,0.10557968551705711,0,0,0,0,0,1,0
Lentil Soup,0.7272727272727273,0.7163636363636363,0.02,0.8258401961482487,0.45997634500919915,0.3555106847541163,0,1,0,0,0,0,1
Chicken Stir Fry,0.45454545454545453,0.23636363636363636,0.22,0.3369159684147941,0.1737547050715595,0.7138574246613558,0,0,1,1,1,0,1
Quinoa Salad,0.36363636363636365,0.990909090909091,0.8,0.74345411609154,0.1912975390475695,0.6144751544064216,1,1,0,0,0,1,0
Eggplant Parmesan,0.45454545454545453,0.49454545454545457,0.08,0.8103199671086623,0.8454154140203527,0.2504764702199784,0,1,0,0,0,1,0
Quinoa Salad,0.2727272727272727,0.49272727272727274,0.66,0.3267601028459535,0.6876094009462712,0.06399298104586093,1,1,0,0,0,1,0
Gluten-Free Pasta,0.45454545454545453,0.36363636363636365,0.38,0.22833329249123754,0.8387023720434846,0.27607275548490695,0,0,0,0,1,0,0
Keto Omelette,0.2727272727272727,0.8018181818181818,0.48,0.21662384142089275,0.3608402679743517,0.06284399410542661,0,0,1,0,1,0,0
Shrimp Zoodles,0.2727272727272727,0.8345454545454546,0.32,0.7699829902894465,0.7899863776561707,0.6662798382116086,0,0,1,1,1,0,0
Cauliflower Rice Bowl,0.18181818181818182,0.45454545454545453,0.52,0.5633039939705096,0.1108247105029418,0.44580891204830037,1,1,0,1,1,0,1
Paleo Chicken Bowl,0.2727272727272727,0.9090909090909091,0.14,0.12949801076028947,0.4133553202937991,0.8052513129722028,0,0,1,1,1,0,0
Almond Flour Pancakes,0.0,0.509090909090909,0.78,0.7436881304972642,0.9199416014908627,0.2768428744341875,0,1,1,1,1,0,0
Eggplant Parmesan,0.7272727272727273,0.14909090909090908,0.9,0.9154307132477099,0.7554142078030619,0.8078335281694833,0,1,0,0,0,1,0
Almond Flour Pancakes,0.5454545454545454,0.11272727272727273,0.16,0.3063027724296929,0.8310366809632204,0.2783440486832383,0,1,1,1,1,0,0
Turkey Lettuce Wraps,0.2727272727272727,0.7218181818181818,0.74,0.12085239969727778,0.06806891660559894,0.25992631626873286,0,0,1,1,1,1,0
Keto Avocado Salad,0.0,0.6818181818181818,0.48,0.8287529727895017,0.0739836922873808,0.22253093671122054,0,0,1,1,1,0,0
Shrimp Zoodles,0.7272727272727273,0.12181818181818181,0.54,0.856624289055099,0.6690403037326893,0.5936795763821184,0,0,1,1,1,0,0
Keto Avocado Salad,0.6363636363636364,0.2290909090909091,0.3,0.24072716135524536,0.7961327322840823,0.028614257267590506,0,0,1,1,1,0,0
Keto Omelette,0.9090909090909091,0.8963636363636364,0.98,0.5762789302622461,0.660038107097584,0.24878939707916511,0,0,1,0,1,0,0
Mediterranean Wrap,0.18181818181818182,0.36363636363636365,0.16,0.672621562256887,0.8309285441414306,0.8827695059681769,0,0,0,0,0,1,0
Quinoa Salad,0.6363636363636364,0.5454545454545454,0.44,0.4326238061862492,0.317299807147907,0.4332040211962553,1,1,0,0,0,1,1
Turkey Lettuce Wraps,0.7272727272727273,0.045454545454545456,0.56,0.1714453014070645,0.9500488987638172,0.44397837831934645,0,0,1,1,1,1,0
Greek Yogurt Parfait,0.2727272727272727,0.8254545454545454,0.54,0.10474778104626908,0.38503447098194415,0.4868940623117045,0,1,0,0,0,1,0
Lentil Soup,0.09090909090909091,0.2927272727272727,0.52,0.7473968545375592,0.5070954135674978,0.6350388228529321,0,1,0,0,0,0,0
Paleo Chicken Bowl,0.45454545454545453,0.47454545454545455,0.5,0.9120233256505634,0.23901348514052448,0.46865855124763456,0,0,1,1,1,0,0
Tofu Stir Fry,0.0,0.769090909090909,0.26,0.6139016751235908,0.28094523321090364,0.20294625053063237,1,1,0,0,0,0,0
Tofu Stir Fry,0.45454545454545453,0.08727272727272728,0.9,0.04973907764507244,0.8349689523522057,0.8473064032433406,1,1,0,0,0,0,0
Quinoa Salad,0.8181818181818182,0.6181818181818182,0.96,0.21961909419104883,0.3973508882611163,0.03844509157355961,1,1,0,0,0,1,0
Keto Avocado Salad,0.7272727272727273,0.6236363636363637,0.72,0.2860104104034287,0.8198205472643568,0.5313388128752256,0,0,1,1,1,0,0
Gluten-Free Pasta,0.5454545454545454,0.07272727272727272,0.76,0.49606677720911063,0.7035810378726826,0.9979350615384299,0,0,0,0,1,0,0
Tofu Stir Fry,0.0,0.30363636363636365,0.86,0.7335927938775287,0.8840335238369355,0.6723074248864583,1,1,0,0,0,0,0
Tofu Stir Fry,1.0,0.8072727272727273,0.94,0.2982381578702071,0.719792170055379,0.9586990412588935,1,1,0,0,0,0,0
Mediterranean Wrap,0.6363636363636364,0.27636363636363637,0.52,0.002102941438495431,0.7189329093659477,0.8328021438646471,0,0,0,0,0,1,0
Chickpea Stew,0.2727272727272727,0.5872727272727273,0.58,0.8044490008194399,0.6638872061396418,0.08690070285217004,1,1,0,0,0,0,1
Turkey Lettuce Wraps,1.0,0.1509090909090909,0.96,0.07136023902994655,0.0799377702029239,0.35244840966780233,0,0,1,1,1,1,0
Gluten-Free Pasta,0.09090909090909091,0.1890909090909091,0.18,0.36376494400853404,0.5947099412973055,0.0037889914200138855,0,0,0,0,1,0,0
Cauliflower Rice Bowl,0.18181818181818182,0.21272727272727274,0.16,0.6157042725110152,0.8754520330722396,0.7259559301417543,1,1,0,1,1,0,0
Chicken Stir Fry,0.45454545454545453,0.7018181818181818,0.3,0.9963367073297087,0.8216310495899709,0.6965259829023478,0,0,1,1,1,0,0
Lentil Soup,0.18181818181818182,0.4254545454545455,0.0,0.08481361856259821,0.39992925785025846,0.9142885912894042,0,1,0,0,0,0,0
Chickpea Stew,0.7272727272727273,0.5054545454545455,0.46,0.6556262068098219,0.8472871461635026,0.6941085681837245,1,1,0,0,0,0,0
Cauliflower Rice Bowl,0.2727272727272727,0.7781818181818182,0.16,0.3078731909427956,0.7905255469219146,0.44516546707501337,1,1,0,1,1,0,0
Chicken Stir Fry,0.18181818181818182,0.3527272727272727,0.54,0.5822262926678166,0.7608168834942004,0.09356636954972233,0,0,1,1,1,0,0
Grilled Salmon,0.8181818181818182,0.21272727272727274,0.7,0.3949784865724608,0.5266911121043794,0.5111884434354939,0,0,1,1,1,1,1
Mediterranean Wrap,0.5454545454545454,0.35454545454545455,0.72,0.8946515337597185,0.3463034406661589,0.14980076352725025,0,0,0,0,0,1,0
Vegetarian Pizza,1.0,0.76,0.84,0.38784234258418704,0.7932675249830488,0.5964791213286467,0,1,0,0,0,0,0
Chickpea Stew,0.45454545454545453,0.5890909090909091,0.14,0.3664523976265269,0.21799665468252533,0.9930984325258503,1,1,0,0,0,0,0
Quinoa Salad,0.2727272727272727,0.7872727272727272,0.08,0.22964718809880522,0.9794664956521184,0.5316557079291245,1,1,0,0,0,1,0
Tofu Stir Fry,0.2727272727272727,0.28,0.9,0.031102899519166158,0.38851864392729313,0.15543085590144262,1,1,0,0,0,0,0
Cauliflower Rice Bowl,0.45454545454545453,0.22545454545454546,0.28,0.49034217677639114,0.12993095508045321,0.8387635458193146,1,1,0,1,1,0,0
Mediterranean Wrap,0.8181818181818182,0.22363636363636363,0.72,0.47642638447790225,0.44480079052976434,1.0,0,0,0,0,0,1,0
Keto Avocado Salad,0.0,0.13818181818181818,0.92,0.15235022503786036,0.030571557270344215,0.9756029337101972,0,0,1,1,1,0,0
Vegan Buddha Bowl,0.36363636363636365,0.29818181818181816,0.8,0.5565403278671216,0.5426232942428254,0.7643270253777892,1,1,0,0,1,0,0
Greek Yogurt Parfait,0.18181818181818182,0.6418181818181818,0.62,0.7126392664490679,0.17717261161036726,0.5069040327212027,0,1,0,0,0,1,1
Lentil Soup,0.36363636363636365,0.5436363636363636,0.2,0.5605581750964954,0.3477065388704494,0.5807768661322625,0,1,0,0,0,0,1
Keto Omelette,0.09090909090909091,0.2509090909090909,0.7,0.4038282293056161,0.9959040028575069,0.8841209471113769,0,0,1,0,1,0,0
Vegan Curry,0.45454545454545453,0.29818181818181816,0.76,0.3971531033268113,0.03911487780956072,0.47463167157960834,1,1,0,0,0,0,1
Vegan Buddha Bowl,0.45454545454545453,0.11454545454545455,0.52,0.9141084137729659,0.7235155163430464,0.5331468195539214,1,1,0,0,1,0,0
Lentil Soup,0.45454545454545453,0.7163636363636363,0.76,0.12544944963157043,0.7957641915859711,0.27252331772304356,0,1,0,0,0,0,0
Shrimp Zoodles,0.8181818181818182,0.9509090909090909,0.1,0.14954759748867366,0.4633953300095701,0.9859676414966105,0,0,1,1,1,0,0
Lentil Soup,0.2727272727272727,0.4127272727272727,0.74,0.5251125866282838,0.563683012758244,0.4399090691056634,0,1,0,0,0,0,1
Grilled Salmon,0.7272727272727273,0.9054545454545454,0.98,0.7294276903431457,0.8962581922362428,0.4548367156063287,0,0,1,1,1,1,0
Greek Yogurt Parfait,0.2727272727272727,0.6618181818181819,0.68,0.2014912542764565,0.10909511260716556,0.8574608166355506,0,1,0,0,0,1,0
Chickpea Stew,0.0,0.26545454545454544,0.74,0.25734939329933526,0.03042359100077486,0.9764030460373598,1,1,0,0,0,0,0
Eggplant Parmesan,0.09090909090909091,0.8709090909090909,0.42,0.691238358378846,0.724080656335625,0.6941486349370793,0,1,0,0,0,1,0
Vegetarian Pizza,0.36363636363636365,0.3690909090909091,0.02,0.33510600549235176,0.734450904036062,0.5282822219222485,0,1,0,0,0,0,0
Turkey Lettuce Wraps,0.18181818181818182,0.03272727272727273,0.98,0.6802816940496038,0.8301089882778431,0.29159500226450175,0,0,1,1,1,1,0
Gluten-Free Pasta,0.18181818181818182,0.11636363636363636,0.7,0.8384120598687413,0.7418945197116527,0.13805591012499654,0,0,0,0,1,0,0
Vegan Curry,0.6363636363636364,0.34,0.16,0.770034408981071,0.8476050202929075,0.6142998286911029,1,1,0,0,0,0,0
Vegan Curry,0.5454545454545454,0.48,0.66,0.07803598090049114,0.40812409864666616,0.40539395787150445,1,1,0,0,0,0,0
Paleo Chicken Bowl,0.9090909090909091,0.6436363636363637,0.14,0.11155582400130828,0.8098240105044223,0.952279940899913,0,0,1,1,1,0,0
Chicken Stir Fry,0.18181818181818182,0.22181818181818183,0.74,0.30109075383381184,0.07661148684691073,0.5000023730384874,0,0,1,1,1,0,1
Vegetarian Pizza,1.0,0.649090909090909,0.02,0.07326412695081917,0.4034426059222881,0.29227392653645506,0,1,0,0,0,0,0
Chicken Stir Fry,0.5454545454545454,0.8181818181818182,0.14,0.2940039974777768,0.15226880033629847,0.2628118086953412,0,0,1,1,1,0,0
Gluten-Free Pasta,0.36363636363636365,0.5818181818181818,0.32,0.6437499863961706,0.9809993382341449,0.604070892355573,0,0,0,0,1,0,0
Greek Yogurt Parfait,0.7272727272727273,0.509090909090909,0.42,0.18879479092242088,0.7211578195564982,0.8705835961038274,0,1,0,0,0,1,0
Vegetarian Pizza,0.8181818181818182,0.8781818181818182,0.14,0.5574910428146674,0.6382492128734508,0.5259557532430909,0,1,0,0,0,0,0
Cauliflower Rice Bowl,1.0,0.09454545454545454,0.46,0.29144596965727876,0.5642616964165755,0.11489228795917945,1,1,0,1,1,0,0
Vegan Curry,0.09090909090909091,0.02,0.6,0.28572072305826784,0.13372104365393503,0.6304394674655416,1,1,0,0,0,0,0
Grilled Salmon,0.7272727272727273,0.8,0.6,0.189997602034095,0.784542013601912,0.7169173982466448,0,0,1,1,1,1,0
Paleo Chicken Bowl,0.0,0.6218181818181818,0.46,0.8436325998793893,0.0033856346645492986,0.24324206738715146,0,0,1,1,1,0,0
Grilled Salmon,0.7272727272727273,0.24727272727272728,0.52,0.8709816738071544,0.5728033572860084,0.9113195492521773,0,0,1,1,1,1,0
Greek Yogurt Parfait,0.18181818181818182,0.32,0.1,0.37924199911512557,0.9660591595579007,0.08387050347313212,0,1,0,0,0,1,0
Quinoa Salad,1.0,0.31636363636363635,0.44,0.255523894942458,0.8772692248947627,0.17847885104745104,1,1,0,0,0,1,0
Lentil Soup,0.9090909090909091,0.82,0.92,0.9488132350861902,0.2692005858351676,0.4744906158668941,0,1,0,0,0,0,0
Greek Yogurt Parfait,1.0,0.5309090909090909,0.82,0.10533403536739662,0.4993808001517936,0.38315117611442007,0,1,0,0,0,1,0
Keto Avocado Salad,0.18181818181818182,0.5490909090909091,0.94,0.20994259681761568,0.36919056706115705,0.36766579833336327,0,0,1,1,1,0,0
Gluten-Free Pasta,0.7272727272727273,0.02181818181818182,0.34,0.5548897830920791,0.4163993281291109,0.7215863188500473,0,0,0,0,1,0,0
Keto Avocado Salad,0.7272727272727273,0.3,0.2,0.7342321089317557,0.6488982618147001,0.7990662789301628,0,0,1,1,1,0,0
Tofu Stir Fry,0.09090909090909091,0.4763636363636364,0.7,0.7423747646903558,0.3159772452475798,0.645892515770933,1,1,0,0,0,0,0
Vegan Curry,0.45454545454545453,0.7945454545454546,0.0,0.8947701063844825,0.28768853087515556,0.36561488740904846,1,1,0,0,0,0,0
Chickpea Stew,0.45454545454545453,0.09636363636363636,0.18,0.5465837538925329,0.09967408918638195,0.6896083067932716,1,1,0,0,0,0,0
Tofu Stir Fry,0.36363636363636365,0.18363636363636363,0.46,0.8425539619035296,0.7107231561527302,0.9534513749394644,1,1,0,0,0,0,0
Keto Omelette,0.7272727272727273,0.7018181818181818,0.92,0.3319252285819353,0.9079007283900724,0.2633249077962175,0,0,1,0,1,0,0
Grilled Salmon,0.7272727272727273,0.6854545454545454,0.5,0.6810063612162214,0.31220429430887137,0.7765575835609418,0,0,1,1,1,1,0
Turkey Lettuce Wraps,0.0,0.18727272727272729,0.54,0.9810090745173401,0.1254220760383058,0.010684968405686886,0,0,1,1,1,1,0
Turkey Lettuce Wraps,0.7272727272727273,0.7636363636363637,0.1,0.4377300828139336,0.33249069368498374,0.3393295909108644,0,0,1,1,1,1,0
Gluten-Free Pasta,0.2727272727272727,0.02,0.3,0.5709951294382687,0.6642309014404634,0.548317108538229,0,0,0,0,1,0,0
Vegan Buddha Bowl,0.18181818181818182,0.8290909090909091,0.62,0.9031585213168541,0.7847242467467933,0.7830167900570549,1,1,0,0,1,0,0
Vegan Curry,0.45454545454545453,0.10545454545454545,0.06,0.9040577185216989,0.7114775132972248,0.941850119171866,1,1,0,0,0,0,0
Chicken Stir Fry,1.0,0.3709090909090909,0.28,0.06001113979749234,0.6728875535359541,0.5825383308940605,0,0,1,1,1,0,0
Vegan Curry,0.7272727272727273,0.7872727272727272,0.2,0.9676956522857356,0.07535129077026734,0.3634850958935142,1,1,0,0,0,0,0
Lentil Soup,0.5454545454545454,0.6563636363636364,0.5,0.8515288475212986,0.31549573266016523,0.27299855290991243,0,1,0,0,0,0,1
Tofu Stir Fry,0.36363636363636365,0.8272727272727273,0.78,0.911059204157201,0.1638492862803858,0.6438553422185337,1,1,0,0,0,0,0
Quinoa Salad,0.0,0.18363636363636363,0.46,0.728688624996584,0.5397242180443332,0.0548756553431955,1,1,0,0,0,1,0
Shrimp Zoodles,0.09090909090909091,0.007272727272727273,0.38,0.6341467211882365,0.44835542017038443,0.12938046406342701,0,0,1,1,1,0,0
Cauliflower Rice Bowl,0.45454545454545453,0.025454545454545455,0.62,0.5031599703487366,0.6808856693654993,0.07066799979671651,1,1,0,1,1,0,0
Paleo Chicken Bowl,0.45454545454545453,0.8090909090909091,0.34,0.5496533335592941,0.1803175112795756,0.45748592315639164,0,0,1,1,1,0,0
Keto Omelette,0.45454545454545453,0.16727272727272727,0.14,0.2102468912821526,0.049660829901506824,0.8470282481395934,0,0,1,0,1,0,0
Eggplant Parmesan,0.9090909090909091,0.6036363636363636,0.98,0.8581531393331464,0.242141802975573,0.9653697888897106,0,1,0,0,0,1,0
Eggplant Parmesan,0.2727272727272727,0.45636363636363636,0.94,0.40874861135536106,0.9549729526018668,0.5221734071343117,0,1,0,0,0,1,0
Lentil Soup,0.9090909090909091,0.6472727272727272,0.48,0.9240921625864834,0.17609445292376963,0.20999193269035277,0,1,0,0,0,0,0
Cauliflower Rice Bowl,0.8181818181818182,0.7072727272727273,0.06,0.8336347071157487,0.7335199856511583,0.352721320370702,1,1,0,1,1,0,0
Chickpea Stew,0.9090909090909091,0.44363636363636366,0.3,0.982309797877265,0.7587709322576884,0.1570965577169331,1,1,0,0,0,0,0
Vegan Curry,0.2727272727272727,0.8981818181818182,0.58,0.6438898415637117,0.6678330710032796,0.15813685776203035,1,1,0,0,0,0,0
Cauliflower Rice Bowl,0.45454545454545453,0.16727272727272727,0.42,0.6061463283857496,0.8370649699396547,0.7871086955614631,1,1,0,1,1,0,0
Vegetarian Pizza,0.9090909090909091,0.30727272727272725,0.78,0.8523808465320688,0.7302506193139452,0.09005151028085058,0,1,0,0,0,0,0
Mediterranean Wrap,0.9090909090909091,0.6327272727272727,0.04,0.8992206158902493,0.0,0.9054349877043225,0,0,0,0,0,1,0
Chicken Stir Fry,0.18181818181818182,0.23272727272727273,0.62,0.5153388054929389,0.48231653228965715,0.6363940601746246,0,0,1,1,1,0,1
Almond Flour Pancakes,0.36363636363636365,0.6509090909090909,0.52,0.27694980422850474,0.62316008450624,0.9975561437887204,0,1,1,1,1,0,0
Almond Flour Pancakes,0.36363636363636365,0.16363636363636364,0.34,0.6599878931533336,0.2405596163665239,0.18736702206006037,0,1,1,1,1,0,0
Tofu Stir Fry,0.2727272727272727,0.4818181818181818,0.2,0.7556170658139431,0.2288256762792972,0.9610126784362917,1,1,0,0,0,0,0
Chicken Stir Fry,0.6363636363636364,0.4636363636363636,0.2,0.5662027999843512,0.4281330949291365,0.3236839550459865,0,0,1,1,1,0,1
Greek Yogurt Parfait,0.18181818181818182,0.19636363636363635,0.12,0.898669307069229,0.948392937480892,0.8965071999160024,0,1,0,0,0,1,0
Shrimp Zoodles,0.2727272727272727,0.1509090909090909,0.28,0.5472873862830383,0.2045312061031885,0.2518262320697007,0,0,1,1,1,0,0
Eggplant Parmesan,0.18181818181818182,0.2018181818181818,0.76,0.03296624288285374,0.6371982079470355,0.3621431158504379,0,1,0,0,0,1,0
Turkey Lettuce Wraps,0.18181818181818182,0.7636363636363637,0.0,0.41150065910844286,0.8124740295287396,0.8391132689199655,0,0,1,1,1,1,0
Vegan Buddha Bowl,0.09090909090909091,0.9727272727272728,0.46,0.6579973469375324,0.1515324383820531,0.8796375847323568,1,1,0,0,1,0,0
Almond Flour Pancakes,0.5454545454545454,0.46,0.8,0.0,0.4171695882531145,0.522143527033068,0,1,1,1,1,0,0
Mediterranean Wrap,0.7272727272727273,0.7090909090909091,0.76,0.30574756299520567,0.30426302661982413,0.22664351385967305,0,0,0,0,0,1,1
Greek Yogurt Parfait,0.45454545454545453,0.06727272727272728,1.0,0.6664369259003049,0.7433182864791121,0.8518596591953176,0,1,0,0,0,1,0
Cauliflower Rice Bowl,0.36363636363636365,0.9745454545454545,0.94,0.8209578463473794,0.1816268282588099,0.3688067027342634,1,1,0,1,1,0,0
Turkey Lettuce Wraps,0.45454545454545453,1.0,0.3,0.7581058547681316,0.39374018413433676,0.5910657078579209,0,0,1,1,1,1,0
Chickpea Stew,0.9090909090909091,0.3654545454545455,0.62,0.16816796695175687,0.7821510956845233,0.5841205917831198,1,1,0,0,0,0,0
Grilled Salmon,0.8181818181818182,0.9163636363636364,0.32,0.6046281530333097,0.29686185947806426,0.7162956763198377,0,0,1,1,1,1,0
Mediterranean Wrap,0.45454545454545453,0.34545454545454546,0.48,0.17296035167714796,0.9744217210225239,0.44758751757271803,0,0,0,0,0,1,0
Chicken Stir Fry,0.6363636363636364,0.17272727272727273,0.76,0.46407305071341254,0.9228669090221766,0.6962356900126607,0,0,1,1,1,0,0
Gluten-Free Pasta,0.7272727272727273,0.7581818181818182,0.8,0.1962304917611177,0.34576658537995325,0.3330641118812302,0,0,0,0,1,0,0
Almond Flour Pancakes,0.36363636363636365,0.9345454545454546,0.32,0.7047551647787228,0.7284413999233444,0.5621675330351098,0,1,1,1,1,0,0
Quinoa Salad,0.0,0.86,0.28,0.5092601825134883,0.38776727020913493,0.9106846189515578,1,1,0,0,0,1,0
Chickpea Stew,0.18181818181818182,0.07636363636363637,0.68,0.011464863206367365,0.7050256755906789,0.9751122330110753,1,1,0,0,0,0,0
Vegan Buddha Bowl,0.6363636363636364,0.5709090909090909,0.56,0.8213083105608248,0.547360682458646,0.9718528244091178,1,1,0,0,1,0,0
Greek Yogurt Parfait,0.36363636363636365,0.3490909090909091,0.08,0.722127917778137,0.8643660997968232,0.1748858060396185,0,1,0,0,0,1,0
